{"mean": 0.4296601712703705, "std_dev": 0.34353846311569214}