{"mean": 0.3965463638305664, "std_dev": 0.4214427173137665}