{"x_mean": 0.9780920147895813, "y_mean": -1.6262174540315755e-07, "x_std": 0.43056777119636536, "y_std": 0.08893854171037674}