{"mean": 0.42739948630332947, "std_dev": 0.42793402075767517}