{"x_mean": 0.9988349080085754, "y_mean": 0.12499968707561493, "x_std": 0.4569081962108612, "y_std": 0.3307192027568817}