{"x_mean": 0.9969735741615295, "y_mean": -6.189513896970311e-07, "x_std": 0.4087181091308594, "y_std": 0.18565334379673004}