{"x_mean": 1.0006963014602661, "y_mean": 0.25, "x_std": 0.500472903251648, "y_std": 0.39119455218315125}