{"mean": 0.45278891921043396, "std_dev": 0.2268720269203186}