{"mean": 0.20659585297107697, "std_dev": 0.164427250623703}