{"elt_0": {"initial": {"mean": 0.9980179071426392, "std_dev": 0.5770582556724548}, "results": {"mean": 0.5, "std_dev": 0.20672672986984253}}, "elt_1": {"initial": {"mean": 1.0008823871612549, "std_dev": 0.5773911476135254}, "results": {"mean": 0.5, "std_dev": 0.21025820076465607}}, "elt_2": {"initial": {"mean": 1.0007637739181519, "std_dev": 0.4078131914138794}, "results": {"mean": -0.0703110471367836, "std_dev": 0.01969202235341072}}}