{"mean": 0.45759251713752747, "std_dev": 0.2051246464252472}