{"mean": 0.3376578390598297, "std_dev": 0.12107295542955399}