{"mean": 0.45681285858154297, "std_dev": 0.20698408782482147}