{"mean": 0.3378060460090637, "std_dev": 0.12100286781787872}