{"mean": 0.41301849484443665, "std_dev": 0.4185844659805298}