{"mean": 0.42968377470970154, "std_dev": 0.34342074394226074}