{"elt_0": {"initial": {"mean": 1.0004087686538696, "std_dev": 0.5771366953849792}, "results": {"mean": 0.5, "std_dev": 0.42605844140052795}}, "elt_1": {"initial": {"mean": 1.000795602798462, "std_dev": 0.5777232646942139}, "results": {"mean": 0.5, "std_dev": 0.4260615110397339}}, "elt_2": {"initial": {"mean": 0.9311677813529968, "std_dev": 0.4036557078361511}, "results": {"mean": -0.20586493611335754, "std_dev": 0.16154003143310547}}, "elt_3": {"initial": {"mean": 1.0584516525268555, "std_dev": 0.4056928753852844}, "results": {"mean": 0.20585721731185913, "std_dev": 0.16154178977012634}}}