{"mean": -0.20596052706241608, "std_dev": 0.1645747870206833}