{"mean": 0.45742377638816833, "std_dev": 0.20834976434707642}