{"mean": 0.4296870827674866, "std_dev": 0.343404084444046}