{"mean": 0.4129573106765747, "std_dev": 0.4188304841518402}