{"mean": -0.17871780693531036, "std_dev": 0.14174561202526093}