{"mean": 0.4296763837337494, "std_dev": 0.3434576392173767}