{"x_mean": 0.499969482421875, "x_std": 0.6455180644989014, "y_mean": 0.04752928018569946, "y_std": 0.17026729881763458}