{"mean": -0.3377596437931061, "std_dev": 0.12102483958005905}