{"mean": 0.17871782183647156, "std_dev": 0.14174561202526093}