{"elt_0": {"initial": {"mean": 0.9997543096542358, "std_dev": 0.5774544477462769}, "results": {"mean": 0.5, "std_dev": 0.3424820899963379}}, "elt_1": {"initial": {"mean": 0.9984146356582642, "std_dev": 0.5773459672927856}, "results": {"mean": 0.5, "std_dev": 0.342496395111084}}, "elt_2": {"initial": {"mean": 0.999045729637146, "std_dev": 0.40747779607772827}, "results": {"mean": 0.34553733468055725, "std_dev": 0.11537174880504608}}, "elt_3": {"initial": {"mean": 1.000889539718628, "std_dev": 0.41010555624961853}, "results": {"mean": -0.3455221951007843, "std_dev": 0.1153746023774147}}}